<?xml version="1.0" encoding="UTF-8"?>
<project-private xmlns="http://www.netbeans.org/ns/project-private/1">
    <editor-bookmarks xmlns="http://www.netbeans.org/ns/editor-bookmarks/2" lastBookmarkId="0"/>
    <open-files xmlns="http://www.netbeans.org/ns/projectui-open-files/2">
        <group>
            <file>file:/C:/Users/usuario.sp/Documents/GitHub/Java/Aula08/AulaExtra/src/Exercicio/Superior.java</file>
            <file>file:/C:/Users/usuario.sp/Documents/GitHub/Java/Aula08/AulaExtra/src/Exercicio/Tecnico.java</file>
            <file>file:/C:/Users/usuario.sp/Documents/GitHub/Java/Aula08/AulaExtra/src/Exercicio/testeNotas.java</file>
        </group>
    </open-files>
</project-private>
